[
  {
    "value": "Jong Belegen Kaas",
    "synonyms": [
      "Jong Belegen Kaas",
      "Jong Belegen"
    ]
  },
  {
    "value": "Oude Kaas",
    "synonyms": [
      "Oude Kaas",
      "Oude",
      "Bejaarde",
      "Overjarig"
    ]
  },
  {
    "value": "Brie",
    "synonyms": [
      "Brie",
      "Brie Kaas",
      "Roombrie"
    ]
  },
  {
    "value": "Geraspte Kaas",
    "synonyms": [
      "Geraspte Kaas",
      "Geraspte"
    ]
  },
  {
    "value": "Smeerkaas",
    "synonyms": [
      "Smeerkaas"
    ]
  },
  {
    "value": "Roomkaas",
    "synonyms": [
      "Roomkaas"
    ]
  },
  {
    "value": "Geitenkaas",
    "synonyms": [
      "Geitenkaas"
    ]
  },
  {
    "value": "Cheddar",
    "synonyms": [
      "Cheddar",
      "Cheddar kaas"
    ]
  },
  {
    "value": "Mozzarella",
    "synonyms": [
      "Mozzarella"
    ]
  }
]