[
  {
    "id": "c06656d1-7f1a-4295-a7a1-76492cf98884",
    "data": [
      {
        "text": "Adieu",
        "userDefined": false
      }
    ],
    "isTemplate": false,
    "count": 0,
    "updated": 0
  },
  {
    "id": "826299df-d956-4d03-a732-01b0a0b3b480",
    "data": [
      {
        "text": "Ajuus",
        "userDefined": false
      }
    ],
    "isTemplate": false,
    "count": 0,
    "updated": 0
  },
  {
    "id": "f7d0386f-dcf4-4063-a991-c76c3dd83df5",
    "data": [
      {
        "text": "Doeg",
        "userDefined": false
      }
    ],
    "isTemplate": false,
    "count": 0,
    "updated": 0
  },
  {
    "id": "06004e1a-5736-4e19-99ab-febc04d64759",
    "data": [
      {
        "text": "Ik moet weg",
        "userDefined": false
      }
    ],
    "isTemplate": false,
    "count": 0,
    "updated": 0
  },
  {
    "id": "6145bdc2-d7ab-472e-a705-45bd98fa426a",
    "data": [
      {
        "text": "Tot de volgende keer",
        "userDefined": false
      }
    ],
    "isTemplate": false,
    "count": 0,
    "updated": 0
  },
  {
    "id": "a417e1c4-05c1-42da-bb86-acd8f365e0a7",
    "data": [
      {
        "text": "Vaarwel",
        "userDefined": false
      }
    ],
    "isTemplate": false,
    "count": 0,
    "updated": 0
  },
  {
    "id": "2c5b9907-96d1-40cc-afe6-d416c4a4bb83",
    "data": [
      {
        "text": "Doei",
        "userDefined": false
      }
    ],
    "isTemplate": false,
    "count": 0,
    "updated": 0
  },
  {
    "id": "04b589e3-c701-4661-89c3-b4d83597a129",
    "data": [
      {
        "text": "Ik ga",
        "userDefined": false
      }
    ],
    "isTemplate": false,
    "count": 0,
    "updated": 0
  }
]