[
  {
    "id": "1f7639bb-3a7a-4446-ba7d-7abf6cb80a40",
    "data": [
      {
        "text": "Ik wil graag ",
        "userDefined": false
      },
      {
        "text": "een",
        "meta": "@sys.ignore",
        "userDefined": false
      },
      {
        "text": " geschenk krijgen",
        "userDefined": false
      }
    ],
    "isTemplate": false,
    "count": 0,
    "updated": 0
  },
  {
    "id": "d5c58c38-ff24-4d16-a5ba-bf68745162f8",
    "data": [
      {
        "text": "Ik ben lief geweest mag ik ",
        "userDefined": false
      },
      {
        "text": "een",
        "meta": "@sys.ignore",
        "userDefined": false
      },
      {
        "text": " cadeau",
        "userDefined": false
      }
    ],
    "isTemplate": false,
    "count": 0,
    "updated": 0
  },
  {
    "id": "799c6e6f-6033-488b-a062-9e5a522666dc",
    "data": [
      {
        "text": "Heb je ",
        "userDefined": false
      },
      {
        "text": "een",
        "meta": "@sys.ignore",
        "userDefined": false
      },
      {
        "text": " presentje voor me",
        "userDefined": false
      }
    ],
    "isTemplate": false,
    "count": 0,
    "updated": 0
  },
  {
    "id": "f26e7916-6997-4ae1-9ded-c777fe79e991",
    "data": [
      {
        "text": "Kan ik ",
        "userDefined": false
      },
      {
        "text": "een",
        "meta": "@sys.ignore",
        "userDefined": false
      },
      {
        "text": " cadeautje krijgen",
        "userDefined": false
      }
    ],
    "isTemplate": false,
    "count": 0,
    "updated": 0
  },
  {
    "id": "e87e6737-f7f5-4830-9605-7227ca9070ad",
    "data": [
      {
        "text": "Ik wil iets in mijn schoen",
        "userDefined": false
      }
    ],
    "isTemplate": false,
    "count": 0,
    "updated": 0
  }
]