[
  {
    "id": "86a08223-8983-425e-84d2-db5a58132193",
    "data": [
      {
        "text": "hé",
        "userDefined": false
      }
    ],
    "isTemplate": false,
    "count": 0,
    "updated": 0
  },
  {
    "id": "9aec4277-2eda-4e35-bfa4-9a9d8ffbcdb9",
    "data": [
      {
        "text": "hoi",
        "userDefined": false
      }
    ],
    "isTemplate": false,
    "count": 0,
    "updated": 0
  },
  {
    "id": "3dc527dc-4036-4956-9353-ae45ac331388",
    "data": [
      {
        "text": "hé hoi",
        "userDefined": false
      }
    ],
    "isTemplate": false,
    "count": 0,
    "updated": 0
  },
  {
    "id": "824b3168-f7a2-4110-842b-3065db58d040",
    "data": [
      {
        "text": "hé hallo",
        "userDefined": false
      }
    ],
    "isTemplate": false,
    "count": 0,
    "updated": 0
  },
  {
    "id": "0b55d42a-34ed-45be-ba9d-b40cdb25fa71",
    "data": [
      {
        "text": "gegroet",
        "userDefined": false
      }
    ],
    "isTemplate": false,
    "count": 0,
    "updated": 0
  },
  {
    "id": "71ed7637-243b-4511-9ab4-d20402cb7972",
    "data": [
      {
        "text": "ik begroet je",
        "userDefined": false
      }
    ],
    "isTemplate": false,
    "count": 0,
    "updated": 0
  },
  {
    "id": "b40880dc-42d0-491f-9779-fe8cb151e23c",
    "data": [
      {
        "text": "lang niet gezien",
        "userDefined": false
      }
    ],
    "isTemplate": false,
    "count": 0,
    "updated": 0
  },
  {
    "id": "ad4c91d3-7c36-4366-8ad7-b91b62fd395b",
    "data": [
      {
        "text": "goeiedag",
        "userDefined": false
      }
    ],
    "isTemplate": false,
    "count": 0,
    "updated": 0
  },
  {
    "id": "7244a639-4a02-4723-a662-d6865bfbb445",
    "data": [
      {
        "text": "goedendag",
        "userDefined": false
      }
    ],
    "isTemplate": false,
    "count": 0,
    "updated": 0
  },
  {
    "id": "ca3f57c2-7650-4546-8c94-0284bbf3013c",
    "data": [
      {
        "text": "hallo",
        "userDefined": false
      }
    ],
    "isTemplate": false,
    "count": 0,
    "updated": 0
  }
]