[
  {
    "id": "aa82f5ff-614e-4251-890b-ecddb7456eb8",
    "data": [
      {
        "text": "Ik wil ",
        "userDefined": false
      },
      {
        "text": "brie",
        "alias": "Kazen",
        "meta": "@Kazen",
        "userDefined": true
      }
    ],
    "isTemplate": false,
    "count": 0,
    "updated": 0
  },
  {
    "id": "9cda5aba-a108-4932-a10f-6cca092686da",
    "data": [
      {
        "text": "Lieve Sint, mag ik ",
        "userDefined": false
      },
      {
        "text": "smeerkaas",
        "alias": "Kazen",
        "meta": "@Kazen",
        "userDefined": true
      }
    ],
    "isTemplate": false,
    "count": 0,
    "updated": 0
  },
  {
    "id": "b77c0261-349d-48c6-ae02-a68dec1cd754",
    "data": [
      {
        "text": "Geitenkaas",
        "alias": "Kazen",
        "meta": "@Kazen",
        "userDefined": true
      }
    ],
    "isTemplate": false,
    "count": 0,
    "updated": 0
  },
  {
    "id": "0406ef0d-602b-4e10-bb2e-a44d871cc60e",
    "data": [
      {
        "text": "Ik wil ",
        "userDefined": false
      },
      {
        "text": "jong belegen",
        "alias": "Kazen",
        "meta": "@Kazen",
        "userDefined": true
      },
      {
        "text": " in mijn schoen",
        "userDefined": false
      }
    ],
    "isTemplate": false,
    "count": 0,
    "updated": 0
  },
  {
    "id": "9cb0ace3-ecb3-49ea-ba7c-eaf70eac3709",
    "data": [
      {
        "text": "Mozzarella",
        "alias": "Kazen",
        "meta": "@Kazen",
        "userDefined": true
      },
      {
        "text": " staat op mijn verlanglijst",
        "userDefined": false
      }
    ],
    "isTemplate": false,
    "count": 0,
    "updated": 0
  },
  {
    "id": "088d3745-6618-4077-9c94-bd7c114b2fab",
    "data": [
      {
        "text": "Mag ik ",
        "userDefined": false
      },
      {
        "text": "oude kaas",
        "alias": "Kazen",
        "meta": "@Kazen",
        "userDefined": true
      }
    ],
    "isTemplate": false,
    "count": 0,
    "updated": 0
  }
]