[
  {
    "id": "ec779dd0-1835-4796-b628-9369931033a7",
    "data": [
      {
        "text": "Heb je meer roetveeg pieten ",
        "userDefined": false
      },
      {
        "text": "dit jaar",
        "meta": "@sys.ignore",
        "userDefined": false
      }
    ],
    "isTemplate": false,
    "count": 0,
    "updated": 0
  },
  {
    "id": "76586364-774f-45e8-89e5-7ccb0e69436d",
    "data": [
      {
        "text": "Kunnen ",
        "userDefined": false
      },
      {
        "text": "zwarte",
        "meta": "@sys.ignore",
        "userDefined": false
      },
      {
        "text": " pieten nog",
        "userDefined": false
      }
    ],
    "isTemplate": false,
    "count": 0,
    "updated": 0
  },
  {
    "id": "e03bce2f-a022-4d70-bd3b-844a89d71be9",
    "data": [
      {
        "text": "Wat vind je van de zwarte pieten discussie",
        "userDefined": false
      }
    ],
    "isTemplate": false,
    "count": 0,
    "updated": 0
  },
  {
    "id": "40438f13-5e4b-4039-9d12-ae0426e3d6a4",
    "data": [
      {
        "text": "Waar sta jij in de zwarte pieten discussie",
        "userDefined": false
      }
    ],
    "isTemplate": false,
    "count": 0,
    "updated": 0
  },
  {
    "id": "20b4ea66-aa2b-4219-bd35-b903572cbdfc",
    "data": [
      {
        "text": "Wat is jouw mening over zwarte piet",
        "userDefined": false
      }
    ],
    "isTemplate": false,
    "count": 0,
    "updated": 0
  },
  {
    "id": "506179dd-e055-420b-ab7a-6076a8545f3d",
    "data": [
      {
        "text": "Wat vind jij van roetveeg pieten",
        "userDefined": false
      }
    ],
    "isTemplate": false,
    "count": 0,
    "updated": 0
  },
  {
    "id": "af0e94f4-2d7b-4bbf-aa02-7215e2bae5e1",
    "data": [
      {
        "text": "Wat vind jij van zwarte piet",
        "userDefined": false
      }
    ],
    "isTemplate": false,
    "count": 0,
    "updated": 0
  }
]